protocol,contracts_compared,A_orig_standard,B_orig_viair,C_gasopt_standard,D_gasopt_viair,compiler_alone_pct_A_to_B,gasopt_alone_pct_A_to_C,gasopt_under_viair_pct_B_to_D,best_vs_baseline_pct_A_to_D
core,1,195485.0,,194085.0,,,-0.716167480880886,,
morpho-blue,1,3724925.0,2728520.0,3724713.0,2728383.0,-26.749666100659745,-0.00569138975952536,-0.005021037045724422,-26.753344027060947
v4-core,1,4344280.0,3778411.0,4344080.0,3778332.0,-13.025610688077196,-0.004603754822433176,-0.00209082601125182,-13.027429171232058
